{"cameraMode":{"drawMode":0,"name":"Shaded","section":"Shading Mode"},"sceneLighting":false,"audioPlay":false,"sceneViewState":{"showFog":true,"showMaterialUpdate":false,"showSkybox":false,"showFlares":true,"showImageEffects":true,"showParticleSystems":true},"in2DMode":false,"pivot":{"x":9.653186798095704,"y":-3.484375,"z":-1.3005694150924683},"rotation":{"x":-0.36325061321258547,"y":0.07117310166358948,"z":-0.027843022719025613,"w":-0.9285516738891602},"size":44.786521911621097,"orthographic":false}