{"cameraMode":{"drawMode":0,"name":"Shaded","section":"Shading Mode"},"sceneLighting":false,"audioPlay":false,"sceneViewState":{"showFog":true,"showMaterialUpdate":false,"showSkybox":false,"showFlares":true,"showImageEffects":true,"showParticleSystems":true},"in2DMode":false,"pivot":{"x":2.086162567138672e-7,"y":0.0,"z":8.940696716308594e-8},"rotation":{"x":-0.30344462394714358,"y":0.06282874941825867,"z":-0.020056743174791337,"w":-0.950563907623291},"size":1.6294524669647217,"orthographic":false}