{"cameraMode":{"drawMode":0,"name":"Shaded","section":"Shading Mode"},"sceneLighting":false,"audioPlay":false,"sceneViewState":{"showFog":true,"showMaterialUpdate":false,"showSkybox":false,"showFlares":true,"showImageEffects":true,"showParticleSystems":true},"in2DMode":false,"pivot":{"x":214.002685546875,"y":144.62197875976563,"z":126.66796875},"rotation":{"x":-0.18423759937286378,"y":0.03242868557572365,"z":-0.0060825347900390629,"w":-0.9823278188705444},"size":1333.87744140625,"orthographic":false}